algoritmo,tiempo,memoria
MedicionBuscarLinkedList,2858303200,937264
MB: 0,Milisegundos: 2858
MedicionBuscarArrayList,1437069500,937274
MB: 0,Milisegundos: 1437
MedicionBuscarTrie,2062400,10450571
MB: 10,Milisegundos: 2
MedicionBuscarHashMap,735400,1328896
MB: 1,Milisegundos: 0
MedicionBuscarTreeMap,3738200,1328898
MB: 1,Milisegundos: 3
MedicionPredecirTrie,11830200,10450571
MB: 10,Milisegundos: 11
MedicionPredecirLinkedList,39518500,937264
MB: 0,Milisegundos: 39
MedicionPredecirHashMap,64432600,1328896
MB: 1,Milisegundos: 64
